{
    "apple-1.gif": [
        0.790852724317482,
        5.629143821317815,
        4.383732602655508,
        5.6017091795336516,
        9.901803806121613,
        8.548483793300909,
        -10.00831624857382
    ],
    "apple-2.gif": [
        0.7958115652277239,
        4.6378742686677805,
        4.956683139198652,
        7.034270478104054,
        9.999604380523111,
        -9.487682829613554,
        9.999914726629955
    ],
    "apple-3.gif": [
        0.7739605832633748,
        3.826614169986817,
        3.5454496224973426,
        4.603008325619639,
        8.657500619998475,
        6.760559799851508,
        -11.48971787412214
    ],
    "apple-4.gif": [
        0.7741310322564666,
        3.369117767451283,
        3.8941783901578817,
        4.783302398445121,
        9.073769668739615,
        7.422631022761237,
        -10.52684225967208
    ],
    "bell-1.gif": [
        0.7331605474088597,
        2.503131800534342,
        2.771416450797904,
        4.751198813577673,
        8.499952181532091,
        6.00526267765366,
        -9.835797823930807
    ],
    "bell-2.gif": [
        0.734759787513592,
        2.551145555166283,
        2.769375472943233,
        4.9516951066956745,
        8.833610538618691,
        6.263304832148408,
        9.09082055780693
    ],
    "bell-3.gif": [
        0.7280141592597631,
        2.332611975031061,
        2.8251453389766428,
        4.524436931082675,
        8.192594526370643,
        5.691350909322008,
        -10.075270064995019
    ],
    "bell-4.gif": [
        0.7106819102790538,
        2.238592136026141,
        2.6753885376896713,
        4.2070344614528015,
        7.647512150608412,
        5.326631672308245,
        -8.804805272289324
    ],
    "bird-13.gif": [
        0.5236507223305116,
        1.5773140147132139,
        1.8274481274986216,
        3.01150577323098,
        -5.432923898790532,
        -3.804201969104524,
        -6.457744235183124
    ],
    "bird-14.gif": [
        0.567834200699329,
        1.6817435221504233,
        2.084845543104814,
        4.102460955623071,
        -7.558120380636827,
        6.481926247121664,
        -7.242674666446751
    ],
    "bird-7.gif": [
        0.5254988033250936,
        1.3814316359383323,
        2.0499554136751947,
        3.288120057526911,
        -5.984872713479095,
        -4.012327509916106,
        -6.4183114071977405
    ],
    "bird-8.gif": [
        0.5255029346423671,
        1.3819564641924817,
        2.0494900979884743,
        3.2892237024660567,
        -5.9856540430385365,
        -4.0134551812827,
        -6.4245153334175615
    ],
    "camel-1.gif": [
        0.6628623308989441,
        1.985521190589748,
        3.309578938845518,
        4.971915003720942,
        -9.360935770645956,
        -6.036652298545448,
        9.183559186526201
    ],
    "camel-2.gif": [
        0.6046409339304946,
        2.2679638163948166,
        3.080286984864224,
        3.8030221297126916,
        -7.483071054399411,
        -5.062043225882686,
        7.332534415577975
    ],
    "camel-3.gif": [
        0.6646556289322088,
        3.0605296771253325,
        5.030340810363552,
        3.324872480648636,
        -8.236510723275728,
        5.081806970286474,
        7.508863472959434
    ],
    "camel-4.gif": [
        0.6235812623816257,
        2.531232645028534,
        3.028035114427253,
        3.5731411314344514,
        7.13972877593381,
        -4.917871545875752,
        -6.949392659147588
    ],
    "device0-1.gif": [
        0.6465942061038855,
        6.753370595322191,
        6.2506250564534955,
        8.19597420398078,
        -10.00000132745802,
        -10.004124613720448,
        -10.000000919756436
    ],
    "device0-2.gif": [
        0.6491109335927434,
        6.2139626690079615,
        5.713623308732129,
        7.215882276339401,
        9.999921887505305,
        9.852232684341384,
        9.999954552905978
    ],
    "device0-3.gif": [
        0.6461606922831487,
        6.234289390537959,
        6.322481221524662,
        7.778393503176573,
        -10.000005712198654,
        -10.05863430932009,
        9.999997152823688
    ],
    "device0-4.gif": [
        0.6055062979471556,
        5.691718286098839,
        5.9281266071495144,
        7.130648361178189,
        9.999958486278631,
        -10.09938231335941,
        -10.000085244420845
    ]
}