{"1472.jpg": [[102.2303290414869, 202.857653791131, 246.76680972818312], [132.67685185185226, 215.29305555555368, 247.18796296296296], [171.43116701607286, 226.26345213137554, 247.9475890985325], [212.85024154589408, 241.06280193236586, 249.9742351046699], [32.06488824801734, 31.8615717375627, 38.70223503965394], [229.0363180964319, 211.39198497182252, 198.19160926737632], [202.20471281295963, 186.146539027982, 175.73637702503683], [248.53048225659654, 235.74491962390366, 222.45344252350623]], "1479.jpg": [[12.764355362946958, 25.98049837486279, 47.740520043337725], [22.818888888889674, 41.63222222222076, 65.13055555555475], [69.97179350718523, 83.00851516764209, 100.90846194784419], [38.49566105155768, 59.87953037263836, 83.25625319040256], [168.4029562982013, 176.99678663238944, 177.51092544987068], [59.75998622589606, 70.2438016528915, 86.24724517906253]], "1484.jpg": [[34.984658298468986, 123.13249651324958, 187.83193863319298], [14.083043262057643, 107.90104425658835, 177.93635007458874], [131.60561224489774, 114.3821428571427, 98.48571428571483], [152.5273069679846, 130.77683615819208, 111.94444444444446], [111.59510703363905, 97.4948012232413, 84.3370030581045], [183.90776699029195, 162.56978155339775, 142.5983009708739], [168.2536747273586, 146.48174490279735, 126.90137505926977], [240.8710743801677, 243.55950413223454, 237.43388429751946], [76.59785673998933, 94.14326001127989, 25.047377326567542]], "1488.jpg": [[0.6948847262247853, 131.1675072046116, 241.2780979827089], [1.088649544324774, 157.7576636288318, 246.60480530240267], [1.7580938523099334, 183.63004728992502, 251.5529283375773], [2.5454089312594093, 211.35875564475836, 252.15153035624684], [154.55496453900707, 129.0939716312056, 102.72281323877068], [128.43565599497805, 107.75894538606389, 86.53923414940364], [104.73440939104916, 86.50917094644117, 69.16214233308877], [179.4466714387974, 151.2247673586255, 121.184681460272], [86.47368421052632, 122.01601830663644, 29.513348588863465]], "3402.jpg": [[12.46962794229212, 60.57668944571061, 71.09111617312186], [16.4855305466227, 67.85150540777616, 81.68985676702816], [14.81720430107461, 122.26318484383064, 189.32258064516202], [37.490399999999994, 91.25040000000004, 109.052], [13.529749103942855, 86.91469534050185, 113.65806451612904], [22.78800940438836, 78.33189655172438, 94.68534482758561], [47.76023738872407, 76.4029673590504, 75.01424332344158], [68.31872037914694, 92.27428909952609, 87.2280805687202]], "3408.jpg": [[125.19679539852133, 229.87592440427278, 232.03492193919675], [154.87194208687134, 233.02296555167248, 232.0616575137271], [147.21263989466806, 213.47728768926925, 215.52337063857766], [4.80284360189566, 101.6781990521327, 131.58104265402827], [10.276333789329897, 121.76333789329686, 152.68262653898776], [2.7305194805187085, 79.32954545454545, 143.14772727272756], [236.7476901208251, 231.363894811656, 207.1698649609099], [0.9630127774028523, 51.20712844653666, 144.00470746469404]], "3409.jpg": [[195.5559465165358, 230.1893033075299, 241.7114707952154], [5.3024989039891395, 109.88996054362121, 168.76720736519073], [3.794965119806058, 85.17167121625721, 151.0870488322715], [3.9817395482946125, 63.69726093224411, 130.96492071119656], [3.7676447264070774, 45.17684377478192, 102.50198255352898], [10.241134751773153, 33.92986603624901, 65.0047281323878], [20.067990373043806, 23.679302045728036, 34.159446450058596], [9.911179173048104, 10.426237876467582, 17.35885655947105]], "3448.jpg": [[235.42633451957533, 244.9145907473316, 247.18149466192313], [200.7224306076518, 232.57014253563307, 244.33608402100714], [162.74717285944973, 214.72536348949768, 236.47899838449246], [62.033483580167434, 131.96909207984547, 173.49903412749535], [33.801616915423345, 115.16355721393042, 163.12562189054708], [15.193972835313815, 99.0220713073011, 149.88879456706277], [14.684836065572895, 33.252049180329124, 59.18770491803164], [14.621285418106524, 24.227366966136188, 38.260539046303364], [4.513123844734366, 85.50536044362201, 136.70905730129437]], "8185.jpg": [[152.06143079315638, 68.8584758942462, 47.609642301710736], [164.2241054613929, 85.48650345260573, 60.38355304456999], [174.4724738675959, 102.41742160278667, 75.36724738675957], [187.34829059829062, 119.32977207977206, 90.40669515669515], [198.96785714285727, 135.77642857142874, 106.295], [213.41322855271775, 151.94171578258033, 122.30320890635232], [231.32735148514865, 161.42512376237633, 137.5631188118812], [239.529758713137, 182.92332439678302, 153.47024128686328], [246.3235414116685, 200.99469604243103, 167.5577315381477], [251.2196223316909, 219.52791461412232, 182.01149425287355], [252.30876747141087, 240.14400677678844, 196.0800508259212], [253.47433518862027, 249.72418058132394, 217.17934446505876]], "8186.jpg": [[177.56306990881444, 108.67553191489378, 84.8267477203649], [192.31833007175473, 127.78473581213292, 103.43052837573369], [207.3876698014629, 144.74921630094042, 119.31400208986416], [219.8584773470343, 158.35263895375994, 133.7734703409623], [230.989676840215, 172.9542190305205, 148.4048473967681], [241.0241379310343, 186.98749999999987, 161.79396551724116], [246.56078767123313, 201.23159246575395, 175.39597602739784], [251.0836734693881, 216.0579591836743, 187.58408163265386], [252.10012135922307, 233.08677184465992, 198.81553398058176]], "8189.jpg": [[253.21894336030462, 246.0223702998572, 209.78438838648356], [250.9254800802522, 227.8091143594153, 187.31986242476535], [242.8464619492657, 208.52069425901203, 173.36448598130806], [232.0091594827586, 189.57004310344828, 156.69612068965498], [218.25437112239143, 168.11054709531868, 139.2335025380712], [203.07803901950976, 148.136068034017, 123.21310655327665], [179.2286617492097, 114.41728134878821, 91.91148577450002], [191.7084729535663, 129.76878889420774, 106.8080421254185], [168.1082089552239, 98.22867803837954, 76.41098081023448]], "8200.jpg": [[189.4087685364283, 70.16956802063228, 63.540941328175684], [202.06576819407007, 87.9196765498653, 76.33261455525596], [210.77669902912632, 102.37216828478947, 92.7864077669903], [220.04340425531913, 117.22297872340431, 107.68425531914895], [232.47757111597363, 133.08971553610502, 107.78336980306352], [231.89393191909207, 135.10310804144063, 125.24864331524414], [242.23977615152853, 151.3452432199739, 126.72191132156678], [247.02014010507898, 165.6361646234681, 141.6812609457093], [247.8652373660031, 144.42572741194442, 152.3131699846869], [249.48396293656467, 182.59444048467586, 157.82537419814673]], "8965.jpg": [[58.35786043986107, 101.30953027423284, 113.89356502851044], [74.11213563355352, 111.22278405710838, 123.77870315288627], [92.81793913507792, 123.76882007474572, 133.07474639615688], [65.19230769230853, 85.74759615384625, 29.286858974359525], [194.8553281580822, 109.65984474241336, 9.939308398024828], [219.919524142759, 131.89223233030032, 13.612316305109239], [239.91063174114225, 155.84514637904383, 29.069337442219407]], "8980.jpg": [[31.25035494557791, 34.12115475627155, 22.09370563180252], [90.54711468224934, 100.30606281957651, 70.43900657414171], [67.37562475970911, 85.76047673971499, 46.257977700884396], [50.032393773667465, 57.662179217501745, 38.110222970130266], [238.6685627607177, 246.24345847553636, 243.43496397421953], [74.34022988505764, 39.216091954023, 7.950191570880833]], "8982.jpg": [[26.03571428571408, 39.88290398126578, 18.459601873536407], [39.49737853896984, 63.6731911918916, 26.282069206571226], [54.125619834709454, 79.82024793388416, 40.33512396694225], [73.29055690072633, 95.86359967715899, 64.43422114608566], [72.4829431438126, 47.95986622073565, 7.991304347826198], [211.8358208955235, 92.02920181700188, 12.959766385464096], [243.04615384615488, 150.99349112426037, 26.536094674556303], [232.78598971722522, 121.25835475578393, 15.218508997429417]],